Charge category,Employee hourly rate,Estimated time,Estimated charge,Agency explanation or notes
Search and retrieval,,,,
Review and redaction,,,,
Electronic preparation or conversion,,,,
Paper copies or physical media,,,,
Postage or delivery,,,,
Other charge,,,,
Subtotal before free time,,,,
Credit for first 15 minutes of employee time,,,,
Total estimated charge,,,,

Questions to ask,,,,
Is the employee the lowest-paid person qualified to perform each task?,,,,
What specific task is included in each labor estimate?,,,,
How many responsive files or pages does the estimate assume?,,,,
Can electronic delivery reduce copying or media charges?,,,,
Which statute or policy authorizes each non-labor charge?,,,,
